<?xml version="1.0" encoding="UTF-8"?>
<beans:beans xmlns="http://www.springframework.org/schema/mvc"
	xmlns:xsi="http://www.w3.org/2001/XMLSchema-instance"
	xmlns:beans="http://www.springframework.org/schema/beans"
	xmlns:context="http://www.springframework.org/schema/context"
	xmlns:mvc="http://www.springframework.org/schema/mvc"
	xmlns:aop="http://www.springframework.org/schema/aop"
	xmlns:tx="http://www.springframework.org/schema/tx"
	xsi:schemaLocation="http://www.springframework.org/schema/mvc http://www.springframework.org/schema/mvc/spring-mvc.xsd
		http://www.springframework.org/schema/beans http://www.springframework.org/schema/beans/spring-beans.xsd
		http://www.springframework.org/schema/context http://www.springframework.org/schema/context/spring-context.xsd
		http://www.springframework.org/schema/aop http://www.springframework.org/schema/aop/spring-aop.xsd
		http://www.springframework.org/schema/tx http://www.springframework.org/schema/tx/spring-tx.xsd">

	<!-- DispatcherServlet Context: defines this servlet's request-processing infrastructure -->
	
	<tx:annotation-driven proxy-target-class="true"/>
	
	<context:component-scan base-package="com.bluewaves" />
	
	<!-- Enables the Spring MVC @Controller programming model -->
	<mvc:annotation-driven ignore-default-model-on-redirect="true" />
	
	<!-- Enables the Aspectj @Aspect -->
	<aop:aspectj-autoproxy />
	
	<!-- Handles HTTP GET requests for /resources/** by efficiently serving up static resources in the ${webappRoot}/resources directory -->
	<!-- resources mapping="/**" location="/resources/" / -->

    <!-- 다중뷰리졸버 설정 -->
    <beans:bean class="org.springframework.web.servlet.view.ContentNegotiatingViewResolver">
        <beans:property name="order" value="1"/>
        <beans:property name="contentNegotiationManager">  
            <beans:bean class="org.springframework.web.accept.ContentNegotiationManager">  
                <beans:constructor-arg>  
                <beans:bean class="org.springframework.web.accept.PathExtensionContentNegotiationStrategy">  
                    <beans:constructor-arg>  
                        <beans:map>  
                            <beans:entry key="do" value="text/html" />  
                        </beans:map>  
                    </beans:constructor-arg>  
                </beans:bean>  
                </beans:constructor-arg>  
            </beans:bean>  
        </beans:property>  
        <beans:property name="viewResolvers">
           <beans:list>
               <beans:bean class="org.springframework.web.servlet.view.BeanNameViewResolver" />
                <beans:bean
                    class="org.springframework.web.servlet.view.InternalResourceViewResolver">
                    <beans:property name="prefix" value="/WEB-INF/jsp/" />
                    <beans:property name="suffix" value=".jsp" />
                </beans:bean>
           </beans:list>
        </beans:property>
    </beans:bean> 
	
    <!-- 다국어 -->
    <beans:bean id="localeResolver" class="org.springframework.web.servlet.i18n.SessionLocaleResolver">
    	<beans:property name="defaultLocale" value="ko"/>
    </beans:bean>
    
</beans:beans>
