<?xml version="1.0" encoding="UTF-8"?>
<beans xmlns="http://www.springframework.org/schema/beans"
	xmlns:xsi="http://www.w3.org/2001/XMLSchema-instance" 
	xmlns:mybatis="http://mybatis.org/schema/mybatis-spring"
    xmlns:jdbc="http://www.springframework.org/schema/jdbc"
    xmlns:aop="http://www.springframework.org/schema/aop" 
    xmlns:tx="http://www.springframework.org/schema/tx"
	xsi:schemaLocation="http://www.springframework.org/schema/beans http://www.springframework.org/schema/beans/spring-beans.xsd
                        http://mybatis.org/schema/mybatis-spring http://mybatis.org/schema/mybatis-spring.xsd
                        http://www.springframework.org/schema/jdbc http://www.springframework.org/schema/jdbc/spring-jdbc.xsd
                        http://www.springframework.org/schema/aop http://www.springframework.org/schema/aop/spring-aop.xsd
                        http://www.springframework.org/schema/tx http://www.springframework.org/schema/tx/spring-tx.xsd">

	<!-- 마이바티스 설정 -->
	<bean class="org.mybatis.spring.mapper.MapperScannerConfigurer">
        <property name="basePackage" value="com.bluewaves" />
        <property name="sqlSessionFactoryBeanName" value="sqlSessionFactory" />
	</bean>
	
    <bean id="dataSource" class="org.springframework.jndi.JndiObjectFactoryBean">
        <property name="jndiName" value="jdbc/codingTestDS" />
        <property name="resourceRef" value="true" />
    </bean>

	<bean id="sqlSessionFactory" class="org.mybatis.spring.SqlSessionFactoryBean">
		<property name="dataSource" ref="dataSource" />
		<property name="configLocation" value="classpath:mybatis-config.xml" />
		<property name="mapperLocations" value="classpath*:com/bluewaves/**/mapper/*.xml" />
	</bean>

	<bean id="sqlSession" class="org.mybatis.spring.SqlSessionTemplate">
		<constructor-arg index="0" ref="sqlSessionFactory" />
	</bean>
	
	<bean id="transactionManager"
		class="org.springframework.jdbc.datasource.DataSourceTransactionManager">
		<property name="dataSource" ref="dataSource" />
	</bean>

	<tx:advice id="txAdvice" transaction-manager="transactionManager">
		<tx:attributes>
			<tx:method name="get*" read-only="true" /> 
			<tx:method name="delete*" rollback-for="java.lang.Exception" />
			<tx:method name="update*" rollback-for="java.lang.Exception" />
			<tx:method name="regist*" rollback-for="java.lang.Exception" />
		</tx:attributes>
	</tx:advice>
	
	<aop:config>
		<aop:pointcut id="transactionPointcut" expression="execution(* com.bluewaves..*Service.*(..))"/>
		<aop:advisor advice-ref="txAdvice" pointcut-ref="transactionPointcut" />
	</aop:config>
		
</beans>